name,type,resourceGroup,subscriptionId,location
"183eb46d-4ec1-4f8f-a51b-6df0588c420d","microsoft.portal/dashboards","dashboards","eff9e88a-763b-4d01-a786-4421541f0fdb","centralindia"
"Hackathon-Development","microsoft.network/virtualnetworks","rg-development","eff9e88a-763b-4d01-a786-4421541f0fdb","centralindia"
"Hackathon-Production","microsoft.network/networksecuritygroups","rg-production","eff9e88a-763b-4d01-a786-4421541f0fdb","centralindia"
"Hackathon-Sandbox","microsoft.network/routetables","rg-sandbox","eff9e88a-763b-4d01-a786-4421541f0fdb","centralindia"
"Inventory-Network resources","microsoft.resourcegraph/queries","resource-graph-queries","eff9e88a-763b-4d01-a786-4421541f0fdb","global"
"Inventory-Resource Group","microsoft.resourcegraph/queries","resource-graph-queries","eff9e88a-763b-4d01-a786-4421541f0fdb","global"
"Inventory-Resource Location","microsoft.resourcegraph/queries","resource-graph-queries","eff9e88a-763b-4d01-a786-4421541f0fdb","global"
"Inventory-Resource Subscription","microsoft.resourcegraph/queries","resource-graph-queries","eff9e88a-763b-4d01-a786-4421541f0fdb","global"
"Inventory-Resource Type","microsoft.resourcegraph/queries","resource-graph-queries","eff9e88a-763b-4d01-a786-4421541f0fdb","global"
"Inventory-Total Resources","microsoft.resourcegraph/queries","resource-graph-queries","eff9e88a-763b-4d01-a786-4421541f0fdb","global"
"NetworkWatcher_centralindia","microsoft.network/networkwatchers","networkwatcherrg","eff9e88a-763b-4d01-a786-4421541f0fdb","centralindia"
"Orphaned resources","microsoft.resourcegraph/queries","resource-graph-queries","eff9e88a-763b-4d01-a786-4421541f0fdb","global"
"Resource Details","microsoft.resourcegraph/queries","resource-graph-queries","eff9e88a-763b-4d01-a786-4421541f0fdb","global"
"Resource Summary","microsoft.resourcegraph/queries","resource-graph-queries","eff9e88a-763b-4d01-a786-4421541f0fdb","global"
"Tagging by Resource group","microsoft.resourcegraph/queries","resource-graph-queries","eff9e88a-763b-4d01-a786-4421541f0fdb","global"
"Untagged resources","microsoft.resourcegraph/queries","resource-graph-queries","eff9e88a-763b-4d01-a786-4421541f0fdb","global"
"hackathon627","microsoft.storage/storageaccounts","rg-data","eff9e88a-763b-4d01-a786-4421541f0fdb","centralindia"
"hackathontesting627","microsoft.storage/storageaccounts","rg-testing","eff9e88a-763b-4d01-a786-4421541f0fdb","centralindia"
