name,type,resourceGroup,Environment,Owner,Project
"183eb46d-4ec1-4f8f-a51b-6df0588c420d","microsoft.portal/dashboards","dashboards","","",""
"NetworkWatcher_centralindia","microsoft.network/networkwatchers","networkwatcherrg","","",""
"Inventory-Resource Subscription","microsoft.resourcegraph/queries","resource-graph-queries","","",""
"Untagged resources","microsoft.resourcegraph/queries","resource-graph-queries","","",""
"Inventory-Resource Group","microsoft.resourcegraph/queries","resource-graph-queries","","",""
"Resource Summary","microsoft.resourcegraph/queries","resource-graph-queries","","",""
"Tagging by Resource group","microsoft.resourcegraph/queries","resource-graph-queries","","",""
"Resource Details","microsoft.resourcegraph/queries","resource-graph-queries","","",""
"Inventory-Resource Location","microsoft.resourcegraph/queries","resource-graph-queries","","",""
"Orphaned resources","microsoft.resourcegraph/queries","resource-graph-queries","","",""
"Inventory-Network resources","microsoft.resourcegraph/queries","resource-graph-queries","","",""
"Inventory-Total Resources","microsoft.resourcegraph/queries","resource-graph-queries","","",""
"Inventory-Resource Type","microsoft.resourcegraph/queries","resource-graph-queries","","",""
"Hackathon-Sandbox","microsoft.network/routetables","rg-sandbox","Sandbox","StudentProject",""
"hackathontesting627","microsoft.storage/storageaccounts","rg-testing","","",""
